{"cameraMode":{"drawMode":0,"name":"Shaded","section":"Shading Mode"},"sceneLighting":false,"audioPlay":false,"sceneViewState":{"showFog":true,"showMaterialUpdate":false,"showSkybox":false,"showFlares":true,"showImageEffects":true,"showParticleSystems":true},"in2DMode":false,"pivot":{"x":-0.4000000059604645,"y":0.25,"z":2.5899999141693117},"rotation":{"x":0.43432170152664187,"y":-0.4595135748386383,"z":0.27563992142677309,"w":0.724048376083374},"size":22.08478546142578,"orthographic":false}