{"cameraMode":{"drawMode":0,"name":"Shaded","section":"Shading Mode"},"sceneLighting":false,"audioPlay":false,"sceneViewState":{"showFog":true,"showMaterialUpdate":false,"showSkybox":false,"showFlares":true,"showImageEffects":true,"showParticleSystems":true},"in2DMode":false,"pivot":{"x":1160.8720703125,"y":759.2392578125,"z":-477.2881164550781},"rotation":{"x":0.43432170152664187,"y":-0.4595135748386383,"z":0.27563992142677309,"w":0.724048376083374},"size":2262.3427734375,"orthographic":false}